Name,Title,Company
Aayush Barot,"Chief Business Development Officer (Asia, ME & Oceania)",Bankai Group
Aayush Barot,"Chief Business Development Officer (Asia, ME & Oceania)",Bankai Group
Aayush Barot,"Chief Business Development Officer (Asia, ME & Oceania)",Bankai Group
Aayush Barot,"Chief Business Development Officer (Asia, ME & Oceania)",Bankai Group
Aayush Barot,"Chief Business Development Officer (Asia, ME & Oceania)",Bankai Group
Aayush Barot,"Chief Business Development Officer (Asia, ME & Oceania)",Bankai Group
Aayush Barot,"Chief Business Development Officer (Asia, ME & Oceania)",Bankai Group
Aayush Barot,"Chief Business Development Officer (Asia, ME & Oceania)",Bankai Group
Aayush Barot,"Chief Business Development Officer (Asia, ME & Oceania)",Bankai Group
Aayush Barot,"Chief Business Development Officer (Asia, ME & Oceania)",Bankai Group
Aayush Barot,"Chief Business Development Officer (Asia, ME & Oceania)",Bankai Group
Aayush Barot,"Chief Business Development Officer (Asia, ME & Oceania)",Bankai Group
Aayush Barot,"Chief Business Development Officer (Asia, ME & Oceania)",Bankai Group
Aayush Barot,"Chief Business Development Officer (Asia, ME & Oceania)",Bankai Group
Aayush Barot,"Chief Business Development Officer (Asia, ME & Oceania)",Bankai Group
Aayush Barot,"Chief Business Development Officer (Asia, ME & Oceania)",Bankai Group
Aayush Barot,"Chief Business Development Officer (Asia, ME & Oceania)",Bankai Group
Aayush Barot,"Chief Business Development Officer (Asia, ME & Oceania)",Bankai Group
Aayush Barot,"Chief Business Development Officer (Asia, ME & Oceania)",Bankai Group
Aayush Barot,"Chief Business Development Officer (Asia, ME & Oceania)",Bankai Group
Aayush Barot,"Chief Business Development Officer (Asia, ME & Oceania)",Bankai Group
Aayush Barot,"Chief Business Development Officer (Asia, ME & Oceania)",Bankai Group
Aayush Barot,"Chief Business Development Officer (Asia, ME & Oceania)",Bankai Group
Aayush Barot,"Chief Business Development Officer (Asia, ME & Oceania)",Bankai Group
Aayush Barot,"Chief Business Development Officer (Asia, ME & Oceania)",Bankai Group
Aayush Barot,"Chief Business Development Officer (Asia, ME & Oceania)",Bankai Group
Aayush Barot,"Chief Business Development Officer (Asia, ME & Oceania)",Bankai Group
Aayush Barot,"Chief Business Development Officer (Asia, ME & Oceania)",Bankai Group
Aayush Barot,"Chief Business Development Officer (Asia, ME & Oceania)",Bankai Group
Aayush Barot,"Chief Business Development Officer (Asia, ME & Oceania)",Bankai Group
Aayush Barot,"Chief Business Development Officer (Asia, ME & Oceania)",Bankai Group
Aayush Barot,"Chief Business Development Officer (Asia, ME & Oceania)",Bankai Group
Aayush Barot,"Chief Business Development Officer (Asia, ME & Oceania)",Bankai Group
Aayush Barot,"Chief Business Development Officer (Asia, ME & Oceania)",Bankai Group
Aayush Barot,"Chief Business Development Officer (Asia, ME & Oceania)",Bankai Group
Aayush Barot,"Chief Business Development Officer (Asia, ME & Oceania)",Bankai Group
Aayush Barot,"Chief Business Development Officer (Asia, ME & Oceania)",Bankai Group
Aayush Barot,"Chief Business Development Officer (Asia, ME & Oceania)",Bankai Group
Aayush Barot,"Chief Business Development Officer (Asia, ME & Oceania)",Bankai Group
Aayush Barot,"Chief Business Development Officer (Asia, ME & Oceania)",Bankai Group
Aayush Barot,"Chief Business Development Officer (Asia, ME & Oceania)",Bankai Group
Aayush Barot,"Chief Business Development Officer (Asia, ME & Oceania)",Bankai Group
Aayush Barot,"Chief Business Development Officer (Asia, ME & Oceania)",Bankai Group
Aayush Barot,"Chief Business Development Officer (Asia, ME & Oceania)",Bankai Group
Aayush Barot,"Chief Business Development Officer (Asia, ME & Oceania)",Bankai Group
Aayush Barot,"Chief Business Development Officer (Asia, ME & Oceania)",Bankai Group
Aayush Barot,"Chief Business Development Officer (Asia, ME & Oceania)",Bankai Group
Aayush Barot,"Chief Business Development Officer (Asia, ME & Oceania)",Bankai Group
Aayush Barot,"Chief Business Development Officer (Asia, ME & Oceania)",Bankai Group
Aayush Barot,"Chief Business Development Officer (Asia, ME & Oceania)",Bankai Group
Aayush Barot,"Chief Business Development Officer (Asia, ME & Oceania)",Bankai Group
Aayush Barot,"Chief Business Development Officer (Asia, ME & Oceania)",Bankai Group
Aayush Barot,"Chief Business Development Officer (Asia, ME & Oceania)",Bankai Group
Aayush Barot,"Chief Business Development Officer (Asia, ME & Oceania)",Bankai Group
Aayush Barot,"Chief Business Development Officer (Asia, ME & Oceania)",Bankai Group
Aayush Barot,"Chief Business Development Officer (Asia, ME & Oceania)",Bankai Group
Aayush Barot,"Chief Business Development Officer (Asia, ME & Oceania)",Bankai Group
Aayush Barot,"Chief Business Development Officer (Asia, ME & Oceania)",Bankai Group
Aayush Barot,"Chief Business Development Officer (Asia, ME & Oceania)",Bankai Group
Aayush Barot,"Chief Business Development Officer (Asia, ME & Oceania)",Bankai Group
Aayush Barot,"Chief Business Development Officer (Asia, ME & Oceania)",Bankai Group
Aayush Barot,"Chief Business Development Officer (Asia, ME & Oceania)",Bankai Group
Aayush Barot,"Chief Business Development Officer (Asia, ME & Oceania)",Bankai Group
Aayush Barot,"Chief Business Development Officer (Asia, ME & Oceania)",Bankai Group
Aayush Barot,"Chief Business Development Officer (Asia, ME & Oceania)",Bankai Group
Aayush Barot,"Chief Business Development Officer (Asia, ME & Oceania)",Bankai Group
Aayush Barot,"Chief Business Development Officer (Asia, ME & Oceania)",Bankai Group
Aayush Barot,"Chief Business Development Officer (Asia, ME & Oceania)",Bankai Group
Aayush Barot,"Chief Business Development Officer (Asia, ME & Oceania)",Bankai Group
Aayush Barot,"Chief Business Development Officer (Asia, ME & Oceania)",Bankai Group
Aayush Barot,"Chief Business Development Officer (Asia, ME & Oceania)",Bankai Group
Aayush Barot,"Chief Business Development Officer (Asia, ME & Oceania)",Bankai Group
Aayush Barot,"Chief Business Development Officer (Asia, ME & Oceania)",Bankai Group
Aayush Barot,"Chief Business Development Officer (Asia, ME & Oceania)",Bankai Group
Aayush Barot,"Chief Business Development Officer (Asia, ME & Oceania)",Bankai Group
Aayush Barot,"Chief Business Development Officer (Asia, ME & Oceania)",Bankai Group
Aayush Barot,"Chief Business Development Officer (Asia, ME & Oceania)",Bankai Group
Aayush Barot,"Chief Business Development Officer (Asia, ME & Oceania)",Bankai Group
Aayush Barot,"Chief Business Development Officer (Asia, ME & Oceania)",Bankai Group
Aayush Barot,"Chief Business Development Officer (Asia, ME & Oceania)",Bankai Group
Aayush Barot,"Chief Business Development Officer (Asia, ME & Oceania)",Bankai Group
Aayush Barot,"Chief Business Development Officer (Asia, ME & Oceania)",Bankai Group
Aayush Barot,"Chief Business Development Officer (Asia, ME & Oceania)",Bankai Group
Aayush Barot,"Chief Business Development Officer (Asia, ME & Oceania)",Bankai Group
Aayush Barot,"Chief Business Development Officer (Asia, ME & Oceania)",Bankai Group
Aayush Barot,"Chief Business Development Officer (Asia, ME & Oceania)",Bankai Group
Aayush Barot,"Chief Business Development Officer (Asia, ME & Oceania)",Bankai Group
Aayush Barot,"Chief Business Development Officer (Asia, ME & Oceania)",Bankai Group
Aayush Barot,"Chief Business Development Officer (Asia, ME & Oceania)",Bankai Group
Aayush Barot,"Chief Business Development Officer (Asia, ME & Oceania)",Bankai Group
Connie ANG,"Senior Director, Innovation & Partnership",Singtel
Connie ANG,"Senior Director, Innovation & Partnership",Singtel
Connie ANG,"Senior Director, Innovation & Partnership",Singtel
Connie ANG,"Senior Director, Innovation & Partnership",Singtel
Connie ANG,"Senior Director, Innovation & Partnership",Singtel
Connie ANG,"Senior Director, Innovation & Partnership",Singtel
Connie ANG,"Senior Director, Innovation & Partnership",Singtel
Connie ANG,"Senior Director, Innovation & Partnership",Singtel
Connie ANG,"Senior Director, Innovation & Partnership",Singtel
Connie ANG,"Senior Director, Innovation & Partnership",Singtel
